Title,Company,Location,Link
Home Care Workers - Expression of Interest,Gold Coast Hospital & Health Service,Southport,https://www.seek.com.au/job/80156763?type=standout&ref=search-standalone&origin=cardTitle#sol=112f3274896bd167d2547db61213a68a01fb6a9f
Personal Carer,Home Instead,Toowoomba,https://www.seek.com.au/job/80043382?type=standout&ref=search-standalone&origin=cardTitle#sol=38ebcabef5991faa8b55d41b5cccdd3a078aca69
Personal Carer,BlueCare,Hervey Bay,https://www.seek.com.au/job/80168222?type=standout&ref=search-standalone&origin=cardTitle#sol=3c4495370b69241872d356ceb3c588204f725d9f
Caregiver / Support Worker / Personal Care Assistant / AIN,Nurse Next Door Townsville,Townsville,https://www.seek.com.au/job/80161111?type=standout&ref=search-standalone&origin=cardTitle#sol=2ddc8988baf03690ce0e9175217ddf616642a85a
Disability Support Worker,Empowered Living Choices,Southport,https://www.seek.com.au/job/80152655?type=standout&ref=search-standalone&origin=cardTitle#sol=bcc8a7c21492964b16e3e213e535b8c5bc0449fc
Personal Carer,Banana Shire Council,Wandoan,https://www.seek.com.au/job/80015658?type=standout&ref=search-standalone&origin=cardTitle#sol=16470fe9b446a5a9763d15d3e2b80ff8eb60cdf1
Caregiver / Support Worker / Personal Care Assistant / AIN,Nurse Next Door Townsville,Charters Towers,https://www.seek.com.au/job/78783436?type=standout&ref=search-standalone&origin=cardTitle#sol=5dda96ff544d5a2464e42ad818d9df4ae6e9bc7b
Support Worker,Robin's Nursing Care and Disability Support PTY LTD,Brisbane QLD,https://www.seek.com.au/job/80151243?type=standard&ref=search-standalone&origin=cardTitle#sol=2c03f2f3bfda0a6bb7220b046825fea9d0e64046
Personal Carer,Lutheran Services,Kingaroy,https://www.seek.com.au/job/80014149?type=standout&ref=search-standalone&origin=cardTitle#sol=e2f9a3d00b4adc0b717270b1f1f3faf4924d14f3
Personal Carer,BlueCare,Stanthorpe,https://www.seek.com.au/job/80142506?type=standout&ref=search-standalone&origin=cardTitle#sol=41863db7005cd50f23a9eaaf26cb76a80fa1a78f
Personal Carer,BlueCare,Gladstone,https://www.seek.com.au/job/79434620?type=standout&ref=search-standalone&origin=cardTitle#sol=36bb1204f193e0f42a297b96d9d76bb9865ce6b6
Personal Carer,Lutheran Services,Caboolture,https://www.seek.com.au/job/79930944?type=standout&ref=search-standalone&origin=cardTitle#sol=d1ecaf4a10f71c81be9bb733f5a280c3c7c13ff7
Personal Carer,BlueCare,Maryborough,https://www.seek.com.au/job/79561632?type=standout&ref=search-standalone&origin=cardTitle#sol=c6c825e94a302ce178fbdbb812d5fb770b40c795
Personal Carer,BlueCare,Rothwell,https://www.seek.com.au/job/80129697?type=standout&ref=search-standalone&origin=cardTitle#sol=60b6e27201d8d526e67591c06298b6d16614d071
Care Assistant,Ozcare,North Lakes,https://www.seek.com.au/job/80170631?type=standout&ref=search-standalone&origin=cardTitle#sol=ba152925405620e25ff39ae9637cc9465fa30bd8
Community Care Worker,Wesley Mission Queensland,Nambour,https://www.seek.com.au/job/80172731?type=standout&ref=search-standalone&origin=cardTitle#sol=bc42b5d5857d321b68d16e3f77429ad4fe84fb2a
Personal Carer,Banana Shire Council,Taroom,https://www.seek.com.au/job/80015762?type=standout&ref=search-standalone&origin=cardTitle#sol=be9519081e318c41983710ad96d019c4cd25f599
Personal Carer,BlueCare,Caloundra,https://www.seek.com.au/job/80130014?type=standout&ref=search-standalone&origin=cardTitle#sol=2c4d95651d26bd4ea01c6f34e93433dd0696b20c
Personal Carer,BlueCare,Maleny,https://www.seek.com.au/job/80129922?type=standout&ref=search-standalone&origin=cardTitle#sol=384e8a33b697fe3b2299ab97671b8f8ed18eb3a2
Community Care Worker,Wesley Mission Queensland,Buderim,https://www.seek.com.au/job/80172791?type=standout&ref=search-standalone&origin=cardTitle#sol=977fc456ed010e6d32de803d19af5d9f656fab0d
Personal Carer - Residential Aged Care,Wesley Mission Queensland,Chermside,https://www.seek.com.au/job/80011229?type=standout&ref=search-standalone&origin=cardTitle#sol=35fce21fd35aa0691b03a1c67d69d8557f494843
Personal Carer,BlueCare,Gladstone,https://www.seek.com.au/job/79716025?type=standout&ref=search-standalone&origin=cardTitle#sol=4f5bccbc0c41024b73e63a070c1189d596838c3a
Personal Carer - Residential Aged Care,Wesley Mission Queensland,Bray Park,https://www.seek.com.au/job/79796917?type=standout&ref=search-standalone&origin=cardTitle#sol=c59e91b29e88d8338253d0960ca59430dff13d74
Personal Carer,BlueCare,Buderim,https://www.seek.com.au/job/80088561?type=standout&ref=search-standalone&origin=cardTitle#sol=f7b45161623d11b071a3cca4623ead7c10eab53f
Personal Carer,Carinity,Highfields,https://www.seek.com.au/job/80097408?type=standout&ref=search-standalone&origin=cardTitle#sol=a2983524fbec160e801dbf1eb6c194c05214f415
Aged Care Worker,Beenleigh and Districts Senior Citizens Centre Inc,Beenleigh,https://www.seek.com.au/job/80170645?type=standard&ref=search-standalone&origin=cardTitle#sol=46c49f537c21d28c7fcb84926198794a92d0aae1
Personal Carer,BlueCare,Maryborough,https://www.seek.com.au/job/80054405?type=standout&ref=search-standalone&origin=cardTitle#sol=d7e3716f06e8ea76d9bebd9c8ca55d660f47a3ce
Support Worker and Home Carer - Assist Seniors at Home and NDIS Participants.,Heather Hill Group,Aspley,https://www.seek.com.au/job/80046601?type=standout&ref=search-standalone&origin=cardTitle#sol=d04ff4f8b7e59f373c9db4bec4ae09b23b389ee4
Calling all Wonderful Sunshine Coast Support Workers!,QSSS Pty Ltd,Sippy Downs,https://www.seek.com.au/job/80154524?type=standout&ref=search-standalone&origin=cardTitle#sol=9681b94665c1d23c87c09427c32bb56aa8edd969
Personal Carer,Carinity,Bundaberg,https://www.seek.com.au/job/79944632?type=standout&ref=search-standalone&origin=cardTitle#sol=c264f327e8d469a8eb8ad6e8584003a42b72637e
Personal Carer,BlueCare,Bli Bli,https://www.seek.com.au/job/80123767?type=standout&ref=search-standalone&origin=cardTitle#sol=6baf2be6f2b92c1ade5158cfd9c12f08b471f2ff
Support Workers,Carers Collective,Caboolture,https://www.seek.com.au/job/80117189?type=standout&ref=search-standalone&origin=cardTitle#sol=2b3f939389aa41cc3378013bc9f07a91ec07e5ed
Personal Carer,BlueCare,Ipswich,https://www.seek.com.au/job/79993184?type=standout&ref=search-standalone&origin=cardTitle#sol=4e0f837aa7d8b1a1cec4830c69e01cbc85bb50d5
Casual Personal Carer,Home Instead,Chermside,https://www.seek.com.au/job/79740273?type=standout&ref=search-standalone&origin=cardTitle#sol=c4b2611957e697a591f38e43b6810c9197c63215
Personal Carer,BlueCare,Ingham,https://www.seek.com.au/job/79990398?type=standout&ref=search-standalone&origin=cardTitle#sol=9c8418ecfa54d357d9b14fcc8a479deb792ebc20
Personal Carer,BlueCare,Ingham,https://www.seek.com.au/job/79990344?type=standout&ref=search-standalone&origin=cardTitle#sol=c3ecf8ef53d158dee9d38765b5dc5cc2bb264f31
Support Worker - Cairns,SUNDBIRD HOME CARE,Cairns,https://www.seek.com.au/job/80168249?type=standout&ref=search-standalone&origin=cardTitle#sol=9bb08fe5092fb0b15ff20f4bb1b560ed4f1e8c74
Personal Carer - Residential Aged Care,BlueCare,Sunnybank Hills,https://www.seek.com.au/job/80123943?type=standout&ref=search-standalone&origin=cardTitle#sol=5461938c1ce6e87bd05f14852655789b6008046f
Personal Carer,BlueCare,Gladstone,https://www.seek.com.au/job/79716164?type=standout&ref=search-standalone&origin=cardTitle#sol=6eba96b118512f3c1e09802d207a8318956a7d14
Specialised Carer | Home Care | Caboolture,HammondCare,Caboolture,https://www.seek.com.au/job/79718364?type=standout&ref=search-standalone&origin=cardTitle#sol=5364c8d57cfb4637d3fd6731e7d30c7aeff50e58
Experienced Support Worker - Female only,Alliance Community – Brisbane,Morayfield,https://www.seek.com.au/job/80043931?type=standout&ref=search-standalone&origin=cardTitle#sol=c45142c28c9d64dd3d91ed06de9b404babf1773d
Personal Carer,Home Instead,Coolangatta,https://www.seek.com.au/job/79636462?type=standout&ref=search-standalone&origin=cardTitle#sol=83da96bef93366b318aa7450935811b7e84e467d
Personal Carer,BlueCare,Monto,https://www.seek.com.au/job/79990204?type=standout&ref=search-standalone&origin=cardTitle#sol=001b74ddbec5924912a18c62ae675d3c968b92e4
Personal Carer,BlueCare,Kenilworth,https://www.seek.com.au/job/79558467?type=standout&ref=search-standalone&origin=cardTitle#sol=f9448043b8475ebddcab1b04b0597c9ed17978f8
Personal Carer,BlueCare,Monto,https://www.seek.com.au/job/79989913?type=standout&ref=search-standalone&origin=cardTitle#sol=41fb0bda79b05d6a6801d06b2e7db32b6107d1ca
Personal Carer,BlueCare,Monto,https://www.seek.com.au/job/79989965?type=standout&ref=search-standalone&origin=cardTitle#sol=eba8100ace241e42917b7479423ef140cba52394
Support Worker,Interact Australia,Sunshine Coast QLD,https://www.seek.com.au/job/80141039?type=standard&ref=search-standalone&origin=cardTitle#sol=a2c5e412982d577bc66038a39a1b94468e198d24
Care Assistant,Ozcare,Chermside,https://www.seek.com.au/job/80170487?type=standout&ref=search-standalone&origin=cardTitle#sol=83ea588fbaa8ea990836bff8a750cbb699c89314
Personal Carer,BlueCare,Beaudesert,https://www.seek.com.au/job/80066914?type=standout&ref=search-standalone&origin=cardTitle#sol=0f09906706d9e9a2e42d768f14cc0d4a85d0d298
Disability Support Worker,Evermore Clean and Care,Bribie Island,https://www.seek.com.au/job/80053496?type=standard&ref=search-standalone&origin=cardTitle#sol=6626ff5523b9148854b3b1d100a276d279e03e8d
Carer - Full/Part Time,Carinya Home for the Aged,Atherton,https://www.seek.com.au/job/79500423?type=standard&ref=search-standalone&origin=cardTitle#sol=a36283c0c51f834f5e78a14ea8cd5ba049f6a210
Personal Carer,BlueCare,Emerald,https://www.seek.com.au/job/79990587?type=standout&ref=search-standalone&origin=cardTitle#sol=3fc11263be85b7a9a14d38c639352c849f7e5ffd
Personal Carer,BlueCare,Emerald,https://www.seek.com.au/job/79990178?type=standout&ref=search-standalone&origin=cardTitle#sol=7f0bdf9633a0a9a4b7c813953a990f6b9718b8c1
Personal Carer,BlueCare,Emerald,https://www.seek.com.au/job/79990294?type=standout&ref=search-standalone&origin=cardTitle#sol=0392f8d0f58590094bcce75b5227c39b691848ed
Personal Carer,BlueCare,Maroochydore,https://www.seek.com.au/job/79965595?type=standout&ref=search-standalone&origin=cardTitle#sol=039b4df62384be302c322691af312aff1ff42b5c
Personal Carer,BlueCare,Buderim,https://www.seek.com.au/job/79503762?type=standout&ref=search-standalone&origin=cardTitle#sol=9575af8d34082a89624944c0e45abb63d6f69977
Personal Carer,Lutheran Services,Gympie,https://www.seek.com.au/job/79960257?type=standout&ref=search-standalone&origin=cardTitle#sol=6d4e333e371bce2bd85f6e5e76b46365f6221c8d
Personal Carer (Community),Doing It Together,Stanthorpe,https://www.seek.com.au/job/79560216?type=standard&ref=search-standalone&origin=cardTitle#sol=d23ba9eeb6f450631a05b97cce316d554940eafd
Community Care Worker,Wesley Mission Queensland,Gympie,https://www.seek.com.au/job/80172907?type=standout&ref=search-standalone&origin=cardTitle#sol=0acf504de0f9b9205cf5cd18fe86c11b3a3c9cf3
Personal Carers - Caloundra,Southern Cross Care (Qld) Ltd,Caloundra,https://www.seek.com.au/job/80115105?type=standout&ref=search-standalone&origin=cardTitle#sol=1f9f48f0612753c73a9f5c81c0118caac462e061
Personal Carer,BlueCare,Tin Can Bay,https://www.seek.com.au/job/79990072?type=standout&ref=search-standalone&origin=cardTitle#sol=d3a7757f7efe61934ff2af57568afc9268f0a9a4
Personal Carer,BlueCare,Dicky Beach,https://www.seek.com.au/job/79509560?type=standout&ref=search-standalone&origin=cardTitle#sol=3805711db47e0fe4ec3e6e87ba187befc38949ae
Support Worker,Boundless Support Services,North Lakes,https://www.seek.com.au/job/80140655?type=standout&ref=search-standalone&origin=cardTitle#sol=4a07047939d3bf0eded70bf799dadf72e3116a0c
Personal Carer,BlueCare,Kenilworth,https://www.seek.com.au/job/79990237?type=standout&ref=search-standalone&origin=cardTitle#sol=7e87dfa8084716e9c3523106fd42552878e1c812
Personal Carer,Carinity,Townsville,https://www.seek.com.au/job/79942344?type=standout&ref=search-standalone&origin=cardTitle#sol=af6f8b528da92d887f794bcc9afea60f9545e60a
Lifestyle Carer (Home Care),Carinity,Logan Central,https://www.seek.com.au/job/80095644?type=standout&ref=search-standalone&origin=cardTitle#sol=ed941904d11ed268cbd73beff18f95c7cc60f5bb
Disability Supportbworker,"JC,s Home Care Services",Cairns,https://www.seek.com.au/job/80097518?type=standout&ref=search-standalone&origin=cardTitle#sol=0b432f8000fbe6f9caddd3a455d5e5479182ea12
Personal Carer,BlueCare,Cooroy,https://www.seek.com.au/job/79940616?type=standout&ref=search-standalone&origin=cardTitle#sol=b102a0b1b2ace648541a28f0f92bdd4cc15a7384
Disability Support Worker,Lifestyle Connections Association Inc.,Cairns,https://www.seek.com.au/job/80048623?type=standard&ref=search-standalone&origin=cardTitle#sol=b445f8e7c6dcce9da62f84a56415ca4b88d1d971
Support Worker,Dobson Family Care,Kingaroy,https://www.seek.com.au/job/79994776?type=standout&ref=search-standalone&origin=cardTitle#sol=009459db344b536cf4f63c5ab6e1097e41353453
Personal Carer,BlueCare,Mount Louisa,https://www.seek.com.au/job/79727477?type=standout&ref=search-standalone&origin=cardTitle#sol=f937968f778ab63050f1742ba9eb06689d8b5def
Care Assistant- Bundaberg,Ozcare,Bundaberg,https://www.seek.com.au/job/80142010?type=standout&ref=search-standalone&origin=cardTitle#sol=343f0e8655bb1039a8d492cc5de70d6f1ed85769
Personal Support Worker,Arcare,Hope Island,https://www.seek.com.au/job/80143569?type=standout&ref=search-standalone&origin=cardTitle#sol=dbc994b6b50a4711c67d461a05c5d3c1dc0fccf7
Personal Carer,BlueCare,Capalaba,https://www.seek.com.au/job/80089989?type=standout&ref=search-standalone&origin=cardTitle#sol=ef86c6437a0c6e6c5039e9e1cc903732d7f5b2f6
Personal Carer,BlueCare,Magnetic Island,https://www.seek.com.au/job/80054958?type=standout&ref=search-standalone&origin=cardTitle#sol=088414c3c501336bb1777b044e588f76259345dd
Personal Carer,BlueCare,Burleigh Heads,https://www.seek.com.au/job/80054935?type=standout&ref=search-standalone&origin=cardTitle#sol=5fdc7579cc549c5104a632852112f259dd47900e
Care Assistant,Ozcare,Townsville,https://www.seek.com.au/job/80170748?type=standout&ref=search-standalone&origin=cardTitle#sol=634b440b625f4749ec70b09f0092027ac5311317
Personal Carer,BlueCare,Mareeba,https://www.seek.com.au/job/79098232?type=standout&ref=search-standalone&origin=cardTitle#sol=929dc0e8a9625ef1d6df7c5349fd380129762ad0
Personal Carer | Sterilising | Work away across Queensland,Austcorp Executive,Brisbane QLD,https://www.seek.com.au/job/80111493?type=standout&ref=search-standalone&origin=cardTitle#sol=786282531c184e3f1929dba3695e9b78b237395c
Carer | Bupa Rangeville (Night Shift),Bupa,Toowoomba,https://www.seek.com.au/job/80085506?type=standout&ref=search-standalone&origin=cardTitle#sol=63a6493285e38a3e7e34f0b194ebf58dd5f7ab53
Personal Carer,BlueCare,Elanora,https://www.seek.com.au/job/79960550?type=standout&ref=search-standalone&origin=cardTitle#sol=784927db5c8a0d83b659815dbd7823a38e5da7f1
Personal Carer,BlueCare,Rockhampton,https://www.seek.com.au/job/79473656?type=standout&ref=search-standalone&origin=cardTitle#sol=f1ba5aad61c28a485b00144708a92d48bac6e0b5
Personal Carer,BlueCare,Redland Bay,https://www.seek.com.au/job/80055078?type=standout&ref=search-standalone&origin=cardTitle#sol=c613366be20b6da9bc3f90760a209140baed0552
Disability Support Worker,True Supportive Care,Cairns,https://www.seek.com.au/job/80087482?type=standard&ref=search-standalone&origin=cardTitle#sol=823fd0f8b7a192bd8f17fa030751852c9e2cd336
Personal Carer,Carinity,Mudgeeraba,https://www.seek.com.au/job/79988330?type=standout&ref=search-standalone&origin=cardTitle#sol=86ffa3797508a80cb4cdefa73476581a28783c9d
Disability Support Worker,Good Vibes,Coomera,https://www.seek.com.au/job/80168996?type=standard&ref=search-standalone&origin=cardTitle#sol=2183607410e9d5632b1eb767dfb4f4e135fd94a8
Support Worker,Home Carers Alliance PTY LTD,Ipswich,https://www.seek.com.au/job/79940854?type=standard&ref=search-standalone&origin=cardTitle#sol=f566bea58973e9620fda4fea318969caef95f93f
Female Support Worker (Personal Care) South Brisbane,Heart-led Support,Brisbane QLD,https://www.seek.com.au/job/79997817?type=standout&ref=search-standalone&origin=cardTitle#sol=cb40d10a0114ab0527b300b8e26e102af57db7fd
Aged Care and Disability Support worker / Caregiver,Nurse Next Door Mackay,Mackay,https://www.seek.com.au/job/80098018?type=standout&ref=search-standalone&origin=cardTitle#sol=cacd8b1188e73385d878f990ccbec0616f51b2c3
Disability Support Workers,Choices And Rights,Gympie,https://www.seek.com.au/job/79965624?type=standout&ref=search-standalone&origin=cardTitle#sol=149d43cb9be9a41a10f5d42421e46c5f8b3f0315
Personal Carer Traineeship (Residential) – NEW Earn While You Learn Program,BlueCare,Gracemere,https://www.seek.com.au/job/80086913?type=standout&ref=search-standalone&origin=cardTitle#sol=3278e2117d40db696f2a07e701396479759519fe
Personal Carer,BlueCare,Alexandra Hills,https://www.seek.com.au/job/80058425?type=standout&ref=search-standalone&origin=cardTitle#sol=bcbcc2f3813ecdea6e0cace1a76a3b4f73d9dd43
Personal Care Work,Dash Group - Healthcare,Ipswich,https://www.seek.com.au/job/80170078?type=standout&ref=search-standalone&origin=cardTitle#sol=10b55ed13d50859a5a1d78ef90f76edd82c0f8ba
Personal Carer,BlueCare,Tingalpa,https://www.seek.com.au/job/80058553?type=standout&ref=search-standalone&origin=cardTitle#sol=d8e145b331434a8d453d4572d523b64f0974fe0d
Disability Support Worker,Mothers Who Care,Mount Gravatt,https://www.seek.com.au/job/80120073?type=standard&ref=search-standalone&origin=cardTitle#sol=42e689f129a629ee6f1e5ab91eb0c86871a70a0c
Care Assistant,Ozcare,Cairns,https://www.seek.com.au/job/80097671?type=standout&ref=search-standalone&origin=cardTitle#sol=f153806b93cc9b5bb17de2b212ef30340394b268
Aged Care Support Worker,LME Care,Pallara,https://www.seek.com.au/job/80169329?type=standard&ref=search-standalone&origin=cardTitle#sol=a025c2d9e6f53452eb86f36a8802e951250146b2
Personal Carer,BlueCare,Lowood,https://www.seek.com.au/job/80056538?type=standout&ref=search-standalone&origin=cardTitle#sol=803f209be3b6a3aea31340fde897eddd09958dcc
Care Assistant,Ozcare,Cairns,https://www.seek.com.au/job/80097671?type=standout&ref=search-standalone&origin=cardTitle#sol=b5409f7729a6d35bd8be5e168b2a390094276118
Aged Care Support Worker,LME Care,Pallara,https://www.seek.com.au/job/80169329?type=standard&ref=search-standalone&origin=cardTitle#sol=cac303ef66d4d085f7e53166d70e595c98398bee
Disability Support Worker - Bowen,Alliance Community – Mackay,Bowen,https://www.seek.com.au/job/80140740?type=standout&ref=search-standalone&origin=cardTitle#sol=b19451907bb58175dfc525c6aee8a5bee3e4edb2
Casual Support Worker,Beacon Support Pty Ltd,Lawnton,https://www.seek.com.au/job/79940321?type=standard&ref=search-standalone&origin=cardTitle#sol=6f927770e4f2db6577bf1220df64c4ab9dda5ff9
"Support Worker Team Supervisor - Buderim, Sunshine Coast",Five Good Friends,Buderim,https://www.seek.com.au/job/80147194?type=standout&ref=search-standalone&origin=cardTitle#sol=2ac5faac2c3760e90ea5631b31c95284cb502550
Personal Support Worker,Arcare,Logan Reserve,https://www.seek.com.au/job/80143217?type=standout&ref=search-standalone&origin=cardTitle#sol=f798b9672745f335920acfb56f74e4890f139fac
"Support Worker, Logan Reserve - IMMEDIATE START",Titan Care Group,Logan Reserve,https://www.seek.com.au/job/79833840?type=standard&ref=search-standalone&origin=cardTitle#sol=24822fbb5eb7df3381577099f6a3be0e96ea8f5c
Disability Support Worker - Casual - Ipswich Area,ABLE Australia,Ipswich,https://www.seek.com.au/job/80154549?type=standout&ref=search-standalone&origin=cardTitle#sol=cf5adb82038a14a8060c28ef3ac057b2536108ef
Support Worker / AIN / Personal Care Assistant / Student Nurse,Nurse Next Door Cairns,Cairns,https://www.seek.com.au/job/80020637?type=standout&ref=search-standalone&origin=cardTitle#sol=580b7fb5e3a17a4f53f629fa0d8d5faa9d67fa2e
Support Worker,The Co-Group Limited,Caloundra,https://www.seek.com.au/job/79935994?type=standout&ref=search-standalone&origin=cardTitle#sol=da14feb23e6463bd0310fe1997649dff1c4d11dd
Direct Support Worker - Caboolture,"CPL - Choice, Passion, Life",Bribie Island North,https://www.seek.com.au/job/79983742?type=standout&ref=search-standalone&origin=cardTitle#sol=ae91f267144585d67b0a4dd4d4e055de02fa8465
CAREGiver,Home Instead Sunshine Coast,Gympie,https://www.seek.com.au/job/79654426?type=standout&ref=search-standalone&origin=cardTitle#sol=36d3deba89d07257f3dd73e81986ad472a384328
Support Worker,Mycare Keeper PTY Limited,Noosaville,https://www.seek.com.au/job/80146976?type=standard&ref=search-standalone&origin=cardTitle#sol=55e6c1bea8948d74381ebe238d4da13a21d13a73
Lifestyle Carer (Home Care),Carinity,Caboolture,https://www.seek.com.au/job/79904408?type=standout&ref=search-standalone&origin=cardTitle#sol=8b8ac028504530cdf9621411f0ffc8ccbd5d9786
Support Worker,Aquamarine Personalised Home Care,Oxenford,https://www.seek.com.au/job/79827535?type=standout&ref=search-standalone&origin=cardTitle#sol=03b0de359c85256d53b0e8d39019a06a99cd2e34
Support Worker,Aquamarine Personalised Home Care,Elanora,https://www.seek.com.au/job/79827467?type=standout&ref=search-standalone&origin=cardTitle#sol=1c27318f17c02173cfec7c5676b5027776a554c5
Aged Care / Disability Cleaners,Tender Loving Care Aged Care,Caboolture,https://www.seek.com.au/job/80087048?type=standout&ref=search-standalone&origin=cardTitle#sol=fb2688ac9bc27a8057cb98646831a84d4e905b51
Part Time Support Worker - Eatons Hill QLD,Five Good Friends,Eatons Hill,https://www.seek.com.au/job/80146077?type=standout&ref=search-standalone&origin=cardTitle#sol=4d1c95edbc7200c88a73f38d5552a1d7d0978926
Disability Support Worker Male and Female,Wulli Wulli Indigenous Disability Services,Townsville,https://www.seek.com.au/job/80088210?type=standard&ref=search-standalone&origin=cardTitle#sol=8d6ef28df8d9f2a82b8341370b7d1fa5a7d82706
Personal Care Giver,Nurse Next Door South Brisbane,Beaudesert,https://www.seek.com.au/job/79661622?type=standout&ref=search-standalone&origin=cardTitle#sol=3af2691348aa47d42144f1863fdfd599ba2dc5dc
Brothers Carer,Trustees of the Christian Brothers,Boondall,https://www.seek.com.au/job/80042795?type=standard&ref=search-standalone&origin=cardTitle#sol=abf9919a7c0c6951b43f2a1fdb3c170fcc33c5b4
Disability Support Worker - West Gladstone,Care1,West Gladstone,https://www.seek.com.au/job/80053501?type=standout&ref=search-standalone&origin=cardTitle#sol=0a99d767b3ce106fdb2dc6d1668997b6e8de6439
Female Disability Support Worker,Staffing Options for Community Services,Deception Bay,https://www.seek.com.au/job/79970154?type=standout&ref=search-standalone&origin=cardTitle#sol=9b8bb390c1cb21a19be682dda84b24843f6e0128
Disability Support Worker,True Supportive Care,Ayr,https://www.seek.com.au/job/80173097?type=standard&ref=search-standalone&origin=cardTitle#sol=54a99f0b8ce1cb30411485277f9f13f3ab0e92b7
Community Care Worker,Wesley Mission Queensland,Ipswich,https://www.seek.com.au/job/80110794?type=standout&ref=search-standalone&origin=cardTitle#sol=6ee3b8d5717267df2c58f080a41963695f4f5ce8
Disability Support Worker - Gold Coast,KB Care Disability Support,Ashmore,https://www.seek.com.au/job/80020436?type=standout&ref=search-standalone&origin=cardTitle#sol=241eccb9f2d2b70fa0685b15f652c1f92bcb2c37
Support Worker,gayles way,Wynnum North,https://www.seek.com.au/job/79926964?type=standard&ref=search-standalone&origin=cardTitle#sol=526b8b631dbf686cf2429577b2b3c333e7f1b2a4
Female Disability Support Workers - Beaudesert,QSSS Pty Ltd,Beaudesert,https://www.seek.com.au/job/80058728?type=standout&ref=search-standalone&origin=cardTitle#sol=8235616287da94fec09b94f8e9567bd68c245a73
In Home Support Worker,Ozcare,North Lakes,https://www.seek.com.au/job/80170688?type=standout&ref=search-standalone&origin=cardTitle#sol=d8e15d28d9fcfb28017b6ba0cb295d3c259671ac
Personal Carer,BlueCare,Ingham,https://www.seek.com.au/job/79716052?type=standout&ref=search-standalone&origin=cardTitle#sol=f20d8b607c2609e54e38b694828f3c3613e1817b
Disability Support Worker,MSJ Australia,Cairns,https://www.seek.com.au/job/80044975?type=standard&ref=search-standalone&origin=cardTitle#sol=f73ed44f6c800e6142bc00360f623ea6a5cacaf7
Personal Carer,BlueCare,Ingham,https://www.seek.com.au/job/79716241?type=standout&ref=search-standalone&origin=cardTitle#sol=bd12f3c45bda7269ed0eca96a5dbf73e35756374
Disability Support Worker - Cairns,Cootharinga North Queensland,Cairns,https://www.seek.com.au/job/80117105?type=standout&ref=search-standalone&origin=cardTitle#sol=7f125547b53cccc02cdbea3b7cf71e7243829950
Disability Support Worker - Mackay,Alliance Community – Mackay,Mackay,https://www.seek.com.au/job/79983956?type=standout&ref=search-standalone&origin=cardTitle#sol=8840bea50fd7fa42cceb0677973b1d299b33c7e1
Support Worker,Focused Health Care,Townsville,https://www.seek.com.au/job/80150925?type=standard&ref=search-standalone&origin=cardTitle#sol=da0b873da68509c0b4d5a1d3e33ea8b0374134e4
Support Worker,No Boundaries Care Services Pty Ltd,Indooroopilly,https://www.seek.com.au/job/80032328?type=standard&ref=search-standalone&origin=cardTitle#sol=112a92dffed3f01d58935c3a3d383042df7d5fdf
Support Worker,Endeavour Foundation,Coopers Plains,https://www.seek.com.au/job/80167030?type=standout&ref=search-standalone&origin=cardTitle#sol=6fdb48f13f83c4480bb044c82c1b2b4e6c3d90c7
Experienced Support Workers,We Genuinely Care,Brisbane QLD,https://www.seek.com.au/job/80088978?type=standout&ref=search-standalone&origin=cardTitle#sol=fed613f6b2dbb34e7cd8e48214176e45f750dc88
Personal Carer,BlueCare,Kenilworth,https://www.seek.com.au/job/79990237?type=standout&ref=search-standalone&origin=cardTitle#sol=56f77295d8df5efa92a151a37cdf07b99b244f64
Community Support Assistant,Alzheimer's Association of Queensland,Mount Gravatt,https://www.seek.com.au/job/80149964?type=standout&ref=search-standalone&origin=cardTitle#sol=ee78c89c35c853a67c969d8db7f5b38fd2e0111e
Direct Support Worker - Toowoomba,"CPL - Choice, Passion, Life",Toowoomba,https://www.seek.com.au/job/80170144?type=standout&ref=search-standalone&origin=cardTitle#sol=e30154835230c060c85107380811b5e3b825c24e
Lifestyle Support Worker,Unique Partnerships,Townsville,https://www.seek.com.au/job/79992099?type=standout&ref=search-standalone&origin=cardTitle#sol=c6033088c91596205f9d144a65ddfd68735adc51
Aged Care Support Worker - Qualified (Community),BallyCara,Caboolture,https://www.seek.com.au/job/80160176?type=standout&ref=search-standalone&origin=cardTitle#sol=f4ceeb5109bb945f12c08de9493110408e39eb3c
Disability Support Worker,Programmed Health Professionals Pty Ltd,Coomera,https://www.seek.com.au/job/80173227?type=standout&ref=search-standalone&origin=cardTitle#sol=a3f728575951ff35c194f63c00d1155c9c1808ee
Support Worker,All Home Services Gold Coast,Nerang,https://www.seek.com.au/job/79899378?type=standard&ref=search-standalone&origin=cardTitle#sol=9495dcdf50fee5e321e1361b560183ba06567d43
Personal Carer,BlueCare,Gympie,https://www.seek.com.au/job/79990264?type=standout&ref=search-standalone&origin=cardTitle#sol=aba0fe1c6463870b7a3610a93c3301a5c2b5d868
Personal Care Assistant- Night Duty,St Vincent’s Care Services,Maroochydore,https://www.seek.com.au/job/80026224?type=standout&ref=search-standalone&origin=cardTitle#sol=315702a4716f31faf953cbe130a805e0301b8c6b
"Disability Support Workers for Immediate Start - Ormiston, QLD",Carefinity Pty Ltd,Ormiston,https://www.seek.com.au/job/79756417?type=standout&ref=search-standalone&origin=cardTitle#sol=5fbe925ee541efcda9414e409a772f2dac085b4d
Home Care Worker - Sunshine Coast Region,MCCGC/CURA Community Services,Maroochydore,https://www.seek.com.au/job/80147026?type=standout&ref=search-standalone&origin=cardTitle#sol=6ac22a0596567f1a5839c8d8f7f5f0b0213fa5a8
Personal Care Assistants - Casual & Part-Time,Palm Lake Group,Deception Bay,https://www.seek.com.au/job/80042682?type=standout&ref=search-standalone&origin=cardTitle#sol=a7622a9b256684be0ecec3819fd0522278150147
Personal Support Worker - Cooran & Surrounds,Spinal Life Australia,Cooran,https://www.seek.com.au/job/80151166?type=standout&ref=search-standalone&origin=cardTitle#sol=f1c71c2fd75e0fd7c11f7bd3ba22aa1bb6661296
Support Worker,Interact Australia,Northern Suburbs,https://www.seek.com.au/job/79959352?type=standout&ref=search-standalone&origin=cardTitle#sol=ab403849ced04657f8ffa62b254834d25bfba5a9
Personal Carer,BlueCare,Emerald,https://www.seek.com.au/job/79716097?type=standout&ref=search-standalone&origin=cardTitle#sol=77e82e919c2fad03d94f0cd00b05cf3655d8952d
Seeking Casual Disability Support Workers! Ipswich,Disability and Injury Services,Ipswich,https://www.seek.com.au/job/80023606?type=standard&ref=search-standalone&origin=cardTitle#sol=5661a779a1909406a2c6564aea2165b5422b0452
Community Support Assistant,Alzheimer's Association of Queensland,Gordon Park,https://www.seek.com.au/job/80169136?type=standout&ref=search-standalone&origin=cardTitle#sol=5fec5a942c5d379f977652ad9b1ca65b16d1ab59
Disability Support Worker - Moranbah,Alliance Community – Mackay,Moranbah,https://www.seek.com.au/job/80123127?type=standout&ref=search-standalone&origin=cardTitle#sol=5559db89151a3dbee0663cd7a7673d83f6f671a1
Community Care Worker,Wesley Mission Queensland,Maroochydore,https://www.seek.com.au/job/80110714?type=standout&ref=search-standalone&origin=cardTitle#sol=de6746e540a9d378aafeed8568f44e063d89ce02
Female Disability Support Worker,Staffing Options for Community Services,Everton Park,https://www.seek.com.au/job/79963637?type=standout&ref=search-standalone&origin=cardTitle#sol=463c2dec74d167f1daeb095bc9021f749e4f0653
Home Care and Disability Support Wrorkers,Executive Care Group,Woolloongabba,https://www.seek.com.au/job/80087084?type=standout&ref=search-standalone&origin=cardTitle#sol=93cb41e377fc8a5e6bec989c285b4a2a66fb82ae
Disability Support Worker - Casual,Ellie Jane Support Services,Ipswich,https://www.seek.com.au/job/79649914?type=standard&ref=search-standalone&origin=cardTitle#sol=a1287a2f5cec5abd13f2f3739e7b5c241e85a53e
Female Disability Support Workers - Molendinar & Pimpama,Eloma Care,Pimpama,https://www.seek.com.au/job/80091989?type=standout&ref=search-standalone&origin=cardTitle#sol=107d2b45cde2e023b79f2e8b0b3f248fb4023d2f
Female Disability Support Worker,Staffing Options for Community Services,Enoggera,https://www.seek.com.au/job/80093141?type=standout&ref=search-standalone&origin=cardTitle#sol=c263836fe5ca6967af2371a77ca39c4e4b9c0d31
Personal Carer,BlueCare,Gympie,https://www.seek.com.au/job/79827501?type=standout&ref=search-standalone&origin=cardTitle#sol=32e4fd4d5fabe651e5fa4d6213e7056cadf1235d
Disability Support Worker,Better Tomorrow Support Services,Deception Bay,https://www.seek.com.au/job/80028971?type=standout&ref=search-standalone&origin=cardTitle#sol=495ab4c2cb331b98352caec7fdcac3b3874620e1
Home Care/In-Home Care/Ageing,Healthcare Australia - Care QLD,Keperra,https://www.seek.com.au/job/80172536?type=standout&ref=search-standalone&origin=cardTitle#sol=c6251fcd587d6a2ac6f24b079ed8b352fd6527cf
Female Lifestyle Support Worker,Staffing Options for Community Services,Richlands,https://www.seek.com.au/job/79966902?type=standout&ref=search-standalone&origin=cardTitle#sol=d54578ce294e251ecb1711b5901d27f5b11a3b71
Female Disability Support Workers,Staffing Options for Community Services,Cleveland,https://www.seek.com.au/job/79965380?type=standout&ref=search-standalone&origin=cardTitle#sol=3c0a0a48eace628dc759e7e80c68916df5089b5b
Male Disability Support Worker,Staffing Options for Community Services,Gympie,https://www.seek.com.au/job/80146295?type=standout&ref=search-standalone&origin=cardTitle#sol=7cc6a2680c06c6b67c5a56b992a3a22853b7eee3
Support Worker - Brisbane North,Suncare Community Services Ltd,Caboolture,https://www.seek.com.au/job/80153491?type=standout&ref=search-standalone&origin=cardTitle#sol=2f66e6670649211ead91e7275bb27170e6d48b7c
Support Worker,myHomecare,Springfield,https://www.seek.com.au/job/80146201?type=standout&ref=search-standalone&origin=cardTitle#sol=4d843f10b3f920f55f984e7537b46a68668f90b9
Aged Care Home & Community Assistant - In Home Support,Life Without Barriers,Hervey Bay,https://www.seek.com.au/job/80153296?type=standard&ref=search-standalone&origin=cardTitle#sol=ba3bdae2ee2c251eeb19062628bd163dd9311d3c
Disability Support Worker,Life Helpers,Townsville,https://www.seek.com.au/job/80097609?type=standard&ref=search-standalone&origin=cardTitle#sol=c91a57c99811432dd48043b498ba527f31c44d70
Disability Support Worker,MiAbilities PTY LTD,Townsville,https://www.seek.com.au/job/80089496?type=standard&ref=search-standalone&origin=cardTitle#sol=32e807927b63af8ec56ebc27ff10b0b9a46b5c42
Aged Care Worker (Residential and Community),ElectusPeople,Newstead,https://www.seek.com.au/job/80127935?type=standout&ref=search-standalone&origin=cardTitle#sol=9e39373983e4bd5f813e561e6295ae6a5dc5d3cb
Home Care Worker,Anglicare SQ,Chinchilla,https://www.seek.com.au/job/80146560?type=standout&ref=search-standalone&origin=cardTitle#sol=707990afd23323ab3a4416a0ebe681a909990a58
Home Care Worker,Anglicare SQ,Roma,https://www.seek.com.au/job/80142704?type=standout&ref=search-standalone&origin=cardTitle#sol=b351a06ad32b4057f8e60b461952649a9c24f89e
Female Disability Support Worker,Staffing Options for Community Services,Bardon,https://www.seek.com.au/job/80055531?type=standout&ref=search-standalone&origin=cardTitle#sol=3f072d309d154e2920b1a928703c5fd01e17aa80
Support Worker,SHY Rehab,Elimbah,https://www.seek.com.au/job/80113547?type=standard&ref=search-standalone&origin=cardTitle#sol=f760e6f51d31f8341c5d2e385478fa8cf78fcd8a
Disability Support Worker - Community Access,Wesley Mission Queensland,Chermside,https://www.seek.com.au/job/80167107?type=standout&ref=search-standalone&origin=cardTitle#sol=bd4132084cd146388e3f7f082b888d14501acb72
High Needs Disability Support Worker - Ventilated,Drake International,Meadowbrook,https://www.seek.com.au/job/80056028?type=standout&ref=search-standalone&origin=cardTitle#sol=caabefed7ea8ef0e6a4451839cbaf5cb583578e8
Support Worker,McArthur,Yarrabilba,https://www.seek.com.au/job/80096743?type=standout&ref=search-standalone&origin=cardTitle#sol=6782edc1ad27eeaf98f42326e08c5215a88b7249
Community Support Worker Gold Coast,Momentum Collective,Mudgeeraba,https://www.seek.com.au/job/80169217?type=standout&ref=search-standalone&origin=cardTitle#sol=e18b1779398a7d10d0b09ac67f82a8ac53316031
Support Worker,Gee's Individual Support,Mackay,https://www.seek.com.au/job/80149823?type=standard&ref=search-standalone&origin=cardTitle#sol=159f188967a5900f711491164b5236e0cc14399f
Disability Support Worker - Community Access,Wesley Mission Queensland,Rocklea,https://www.seek.com.au/job/80167139?type=standout&ref=search-standalone&origin=cardTitle#sol=176c6701a21a37a735f9c66a4b81a48840524d68
Disability Support Worker,Your Best Life Disability and Health Services,Thornlands,https://www.seek.com.au/job/80140974?type=standout&ref=search-standalone&origin=cardTitle#sol=3946bbe0f1f2ab98d1ffc9e66d1f167198dd96db
Disability Support Worker,McArthur,Logan Reserve,https://www.seek.com.au/job/80086898?type=standout&ref=search-standalone&origin=cardTitle#sol=7def9415744ec8a9fc5cfc2e76db3234a4798a9d
Personal Carer,BlueCare,Gladstone,https://www.seek.com.au/job/79716164?type=standout&ref=search-standalone&origin=cardTitle#sol=3fc4f2540c346bfb258714421a83941344eee389
Aged Care Support Worker - Qualified (Community),BallyCara,Scarborough,https://www.seek.com.au/job/80160480?type=standout&ref=search-standalone&origin=cardTitle#sol=8dd3d4f0777e15d726ad139f7c00c1429a33c3cf
Support Worker,Happy Peeps Counselling and Therapy,Brisbane QLD,https://www.seek.com.au/job/80087458?type=standard&ref=search-standalone&origin=cardTitle#sol=48656044f9014b4082ae417de55c91eb4624ac0b
In-Home Care Support Workers,Community Health Group,Pimpama,https://www.seek.com.au/job/80095657?type=standout&ref=search-standalone&origin=cardTitle#sol=932f3f35634beac3ad1708f3a974b0bbb1afdb81
"Direct Support Workers - Gold Coast|Coomera, Nerang, Southport, Mermaid Beach","CPL - Choice, Passion, Life",Broadbeach,https://www.seek.com.au/job/80112635?type=standout&ref=search-standalone&origin=cardTitle#sol=11a816f7909aa7e8751615c44954d7dd252a7df5
Casual Pool - Disability Support Worker,Blue Iris Support Services Pty Ltd,Morayfield,https://www.seek.com.au/job/80166762?type=standard&ref=search-standalone&origin=cardTitle#sol=7ca1792f1088c658cc6b033bf7acbb03a634033b
Carer Assessor,Foundations Care,Toowoomba,https://www.seek.com.au/job/80016895?type=standout&ref=search-standalone&origin=cardTitle#sol=634bc19c9e89f6bbbd0ae3dab4079fbf87c64247
Carer Assessor,Foundations Care,Ipswich,https://www.seek.com.au/job/80016869?type=standout&ref=search-standalone&origin=cardTitle#sol=8d1fba2856efb7915756783c1520a893b61a7199
Client Liaison Officer - Carer Gateway,Dementia Australia,Milton,https://www.seek.com.au/job/80142542?type=standout&ref=search-standalone&origin=cardTitle#sol=eef3f1ef36ae20ead355006ca16f7112badd0e65
Community Carers and Domestic Assistants,Sundale Ltd,Nambour,https://www.seek.com.au/job/80171471?type=standout&ref=search-standalone&origin=cardTitle#sol=c70afd53cbf84743d16fa526c805473c99ba40c1
Supported Living Facilitator (Disability Support Worker),UnitingCare Community,Townsville,https://www.seek.com.au/job/80144310?type=standout&ref=search-standalone&origin=cardTitle#sol=35e5a333e2c7c8a97f4b2ee63814ac4b4913c670
Personal Care Worker,Imagine your career with Churches of Christ,Maryborough,https://www.seek.com.au/job/80096434?type=standout&ref=search-standalone&origin=cardTitle#sol=30e074673a3461ec685e8f396268fe338f693935
Home Care Worker,Anglicare SQ,Chinchilla,https://www.seek.com.au/job/80146560?type=standout&ref=search-standalone&origin=cardTitle#sol=f2c7433c3e5b832bc7c4f283b3734f7b3c1b69e6
Personal Care Worker,Imagine your career with Churches of Christ,Maryborough,https://www.seek.com.au/job/80096434?type=standout&ref=search-standalone&origin=cardTitle#sol=1a950424bc9afeae32525e1e30d9452c1d0856e3
Female Disability Support Worker,Staffing Options for Community Services,Bardon,https://www.seek.com.au/job/80055531?type=standout&ref=search-standalone&origin=cardTitle#sol=25be79f0f157977f0bd2458d7b5f1ef8f1ab6266
Disability Support Worker - Community Access,Wesley Mission Queensland,Chermside,https://www.seek.com.au/job/80167107?type=standout&ref=search-standalone&origin=cardTitle#sol=082e64b34e641c8d7b55e142ccf65e0ab661cf38
High Needs Disability Support Worker - Ventilated,Drake International,Meadowbrook,https://www.seek.com.au/job/80056028?type=standout&ref=search-standalone&origin=cardTitle#sol=c2eb222c10b84581f2a0ce875f703aa17c362545
Personal Care Worker - Residential Aged Care,Anglicare SQ,Bundaberg,https://www.seek.com.au/job/80056282?type=standout&ref=search-standalone&origin=cardTitle#sol=dc0754431c86fea3a9494fce1b808df572d0546b
Support Worker,Gee's Individual Support,Mackay,https://www.seek.com.au/job/80149823?type=standard&ref=search-standalone&origin=cardTitle#sol=37598ad22041711c0a41f21d2572797fd2aee1a5
Personal Carer,BlueCare,Gympie,https://www.seek.com.au/job/79715994?type=standout&ref=search-standalone&origin=cardTitle#sol=82bdbe45b90b1d89d8c673f91ce32dd31dd97234
Disability Support Worker - Community Access,Wesley Mission Queensland,Rocklea,https://www.seek.com.au/job/80167139?type=standout&ref=search-standalone&origin=cardTitle#sol=472316a09879b5fba2ac76336a1b6f024cb093bb
Support Worker,Happy Peeps Counselling and Therapy,Brisbane QLD,https://www.seek.com.au/job/80087458?type=standard&ref=search-standalone&origin=cardTitle#sol=d4739cc1b71d0eb588ea67ea858b265f2a977fba
In-Home Care Support Workers,Community Health Group,Pimpama,https://www.seek.com.au/job/80095657?type=standout&ref=search-standalone&origin=cardTitle#sol=b89004f6687d7b905aa73ec2d2049b8aeec3f85b
Casual Pool - Disability Support Worker,Blue Iris Support Services Pty Ltd,Morayfield,https://www.seek.com.au/job/80166762?type=standard&ref=search-standalone&origin=cardTitle#sol=c7d6e8e5f2b66d239e1cb2cb636c0e0cb2ee2b9c
Support Worker,Interact Australia,Brisbane QLD,https://www.seek.com.au/job/79819022?type=standout&ref=search-standalone&origin=cardTitle#sol=e35064bbace18c37b586a52dce15cbac72594029
Support Worker,Endeavour Foundation,Cannonvale,https://www.seek.com.au/job/80115712?type=standout&ref=search-standalone&origin=cardTitle#sol=275046ff18dd4f1f925fe605b25b7be33e108685
Personal Care Assistant - Diet & Hydration,Palm Lake Group,Beachmere,https://www.seek.com.au/job/79596247?type=standout&ref=search-standalone&origin=cardTitle#sol=f95c42a55c5c36690e591ab1046c294042bd5954
Support Worker - Disability,ENRICHED LIFESTYLE SERVICES,Mermaid Beach,https://www.seek.com.au/job/79994531?type=standout&ref=search-standalone&origin=cardTitle#sol=87f585070254d4c10b3c60691eb3b9e92b1e3e35
Personal Support Worker - Kingaroy,Spinal Life Australia,Kingaroy,https://www.seek.com.au/job/79627142?type=standout&ref=search-standalone&origin=cardTitle#sol=4530f44f2652b4528a5ee131b0046658b55bdf8e
Community Care Worker,Wesley Mission Queensland,Tin Can Bay,https://www.seek.com.au/job/79558270?type=standout&ref=search-standalone&origin=cardTitle#sol=237a617b9d377ba75ef8afe9a3f89165825b4da9
Disability Support Worker,KD Community,Brisbane QLD,https://www.seek.com.au/job/79817014?type=standout&ref=search-standalone&origin=cardTitle#sol=9199c77e6124aa393ce97e63d3f8b03db193046c
Personal Care Assistants - Night Shift - Perm Part Time,Palm Lake Group,Caloundra,https://www.seek.com.au/job/79895434?type=standout&ref=search-standalone&origin=cardTitle#sol=5eb802a27ce933e7652a2d32fad11f65af740d96
Support Worker,SHY Rehab,Elimbah,https://www.seek.com.au/job/80113547?type=standard&ref=search-standalone&origin=cardTitle#sol=92a7850e37437f5f0416039150d24372176faca1
Support Workers,Girardi Human Resources,Redland Bay,https://www.seek.com.au/job/79740638?type=standout&ref=search-standalone&origin=cardTitle#sol=02123045d8b19e4cc616140d821bf1ed21c6a840
Personal Carer,BlueCare,Capalaba,https://www.seek.com.au/job/80089989?type=standout&ref=search-standalone&origin=cardTitle#sol=c27ab3bbbab5fd102c9cde02ec0be3d21dc24362
Home Care Worker (Toowoomba),CLIFTON CO-OP HOSPITAL LTD,Toowoomba,https://www.seek.com.au/job/79541265?type=standout&ref=search-standalone&origin=cardTitle#sol=21a2387cc5c7b2cdcc6742a5c87d2804163ed085
Personal Carer,BlueCare,Yeppoon,https://www.seek.com.au/job/79446936?type=standout&ref=search-standalone&origin=cardTitle#sol=da93afcf888126abaab82a47c4e5dd69a9dd1903
Disability Support Worker,Drake International,Maudsland,https://www.seek.com.au/job/79997004?type=standout&ref=search-standalone&origin=cardTitle#sol=845511f1727ea97e5914e1959fde8424b03bbf14
Disability Support Worker,Life Helpers,Townsville,https://www.seek.com.au/job/80097609?type=standard&ref=search-standalone&origin=cardTitle#sol=130bfe3fc09fb261360ab3c085c0c10724032cb7
Care Assistant-Gladstone Region,Ozcare,Gladstone,https://www.seek.com.au/job/79930225?type=standout&ref=search-standalone&origin=cardTitle#sol=4e62c7f12484ca8045eae571556d807e2a884b3b
Aged Care Support Worker - Qualified (Community),BallyCara,Scarborough,https://www.seek.com.au/job/80160480?type=standout&ref=search-standalone&origin=cardTitle#sol=c8dc3769b6f305ddf3e894fbb28d027b17c14d61
Personal Carer,BlueCare,Tin Can Bay,https://www.seek.com.au/job/79990072?type=standout&ref=search-standalone&origin=cardTitle#sol=c7b105361a7c57367784522b0fe0ec44ba2f183b
Disability Support Worker in Gladstone (4680),Conexson,Gladstone,https://www.seek.com.au/job/79819962?type=standard&ref=search-standalone&origin=cardTitle#sol=26123f548ad17f057d848f240288f917096d49d2
Support Worker,Caring Queensland,Hervey Bay,https://www.seek.com.au/job/79796054?type=standout&ref=search-standalone&origin=cardTitle#sol=f9178104f8cdf0eaa944a865ee8c37c30ba9e047
Personal Care Assistant,Comlink Australia,Coolum Beach,https://www.seek.com.au/job/80070072?type=standout&ref=search-standalone&origin=cardTitle#sol=c2b80b7702a77f6ee9601db1b8a05aa51774f301
Support Workers,Your Home Care,Landsborough,https://www.seek.com.au/job/79878231?type=standout&ref=search-standalone&origin=cardTitle#sol=da351ff4b408cf655aab159ff79c70b6b7eed5e0
Support Worker,KOAHANII,Logan Village,https://www.seek.com.au/job/79722104?type=standout&ref=search-standalone&origin=cardTitle#sol=691ff3befc1819dc0a4059d1c9e2152c26eff062
Disability Support Worker,Magdalen Support Services,Deception Bay,https://www.seek.com.au/job/79891152?type=standard&ref=search-standalone&origin=cardTitle#sol=6e51b4bca6ca13ddf8502dac1eb6e4e525e34fec
Personal Carer Domestic,BlueCare,Gladstone,https://www.seek.com.au/job/79817117?type=standout&ref=search-standalone&origin=cardTitle#sol=fa7f7c9cea04ded9d7e6deac98cc28a1fe14ed78
Lifestyle Carer (Home Care),Carinity,Warana,https://www.seek.com.au/job/79788633?type=standout&ref=search-standalone&origin=cardTitle#sol=55c16dfb1623fa5e57d5023258eb80b25c0f62fe
Personal Support Worker Home Care Brisbane North,BodeWell Community Care,Brisbane QLD,https://www.seek.com.au/job/79844748?type=standout&ref=search-standalone&origin=cardTitle#sol=db749dd31c17b71fe8235c8307fcfa248efe8d50
Personal Carer,BlueCare,Monto,https://www.seek.com.au/job/78559079?type=standout&ref=search-standalone&origin=cardTitle#sol=4515e56443a0b5b33a80c02f88c5a061a07f1e18
Personal Care Assistant,St Vincent’s Care Services,Bardon,https://www.seek.com.au/job/80014099?type=standout&ref=search-standalone&origin=cardTitle#sol=485cabef8ec0f9185ee1025f2d149e9a5d1dbb0d
Personal Carer,BlueCare,Proserpine,https://www.seek.com.au/job/79255865?type=standout&ref=search-standalone&origin=cardTitle#sol=02d5ad7be10ba7d990e0cc17a301f92c9675eb32
Support Worker,McArthur,Yarrabilba,https://www.seek.com.au/job/80096743?type=standout&ref=search-standalone&origin=cardTitle#sol=f8af35b26f42ac1fa0a55f65c73184510880c3ce
Personal Carer | Sterilising | Work away across Queensland,Austcorp Executive,Brisbane QLD,https://www.seek.com.au/job/80111493?type=standout&ref=search-standalone&origin=cardTitle#sol=96030d68a15b221aea4a15d7a8a36178ec18151e
Support Workers Aged Care and NDIS,Home Caring Capalaba,Capalaba,https://www.seek.com.au/job/79882008?type=standout&ref=search-standalone&origin=cardTitle#sol=50f11af092997cc236a3994b9985e48fc966d45b
Aged Care Support Worker - Cairns (female workers preferred),Southern Cross Community Healthcare,Cairns North,https://www.seek.com.au/job/79851666?type=standout&ref=search-standalone&origin=cardTitle#sol=5586dde6d7086d613bfa7251ce4cd95ca288bae3
Community Support Worker Gold Coast,Momentum Collective,Mudgeeraba,https://www.seek.com.au/job/80169217?type=standout&ref=search-standalone&origin=cardTitle#sol=cc6c43b0fc468157acf1115669eda33160f42890
Personal Care Worker,Imagine your career with Churches of Christ,Warwick,https://www.seek.com.au/job/80097239?type=standout&ref=search-standalone&origin=cardTitle#sol=296e38220c5a1f972c25afb60f5ed8633e5b0fb2
Personal Care Workers,Elderly Care,Kawana Waters,https://www.seek.com.au/job/80057578?type=standout&ref=search-standalone&origin=cardTitle#sol=bff18795b40529a5417eb6bf06fb95d8af2b9090
Support Worker,SUNDBIRD HOME CARE,Mareeba,https://www.seek.com.au/job/79899681?type=standard&ref=search-standalone&origin=cardTitle#sol=eccf1f6d75cf9aeeb763c9efa509286356a0a2f2
Disability Support Worker,Davange Group Pty Ltd,North Lakes,https://www.seek.com.au/job/79874431?type=standard&ref=search-standalone&origin=cardTitle#sol=932101341d94891f882405eaeb7c36d507c60cf3
Personal Carer,BlueCare,Dicky Beach,https://www.seek.com.au/job/79509560?type=standout&ref=search-standalone&origin=cardTitle#sol=38c24853ac9fe4845afbae6b1f4528efc1e72d22
Carer | Bupa Rangeville (Night Shift),Bupa,Toowoomba,https://www.seek.com.au/job/80085506?type=standout&ref=search-standalone&origin=cardTitle#sol=adf1fb87d5501d746b5d0363c13241f824740b5b
Personal Carer,BlueCare,Burleigh Heads,https://www.seek.com.au/job/80054935?type=standout&ref=search-standalone&origin=cardTitle#sol=9b4ff4ce3bde6a748a820ee4233e3c5e9fe5d227
Female Disability Support Worker - Immediate Start,Whole Care Solutions,Townsville,https://www.seek.com.au/job/80098150?type=standard&ref=search-standalone&origin=cardTitle#sol=06cc28f4857e5cede223eb9ec7870b87b9092865
Personal Carer,BlueCare,Alexandra Hills,https://www.seek.com.au/job/80058425?type=standout&ref=search-standalone&origin=cardTitle#sol=e8d95445149b1de3d991f663058923d968973c66
Personal Carer,BlueCare,Gympie,https://www.seek.com.au/job/79827501?type=standout&ref=search-standalone&origin=cardTitle#sol=598f6eb8b0d7ec607268a11819934c1ab2755181
Personal Carer,BlueCare,Magnetic Island,https://www.seek.com.au/job/80054958?type=standout&ref=search-standalone&origin=cardTitle#sol=7409f044a638a0acd63d14922288a6d3bec79d37
Aged Care and Disability Support worker / Caregiver,Nurse Next Door Mackay,Mackay,https://www.seek.com.au/job/80098018?type=standout&ref=search-standalone&origin=cardTitle#sol=49d7a8723d5ef044c8a4476826946110e3c846fe
Personal Carer,BlueCare,Emerald,https://www.seek.com.au/job/79716142?type=standout&ref=search-standalone&origin=cardTitle#sol=93b7bbfbbe58afe2aed589026dd8d50af9d76b60
Personal Carer,BlueCare,Tin Can Bay,https://www.seek.com.au/job/79716009?type=standout&ref=search-standalone&origin=cardTitle#sol=ddae5f59f25e3caabda807037be403ceee864847
Personal Care Assistant- Night Duty,St Vincent’s Care Services,Maroochydore,https://www.seek.com.au/job/80026224?type=standout&ref=search-standalone&origin=cardTitle#sol=da6c98d205167ced2f0c7bdfa7c6940b1401832a
Direct Support Worker - Cairns,"CPL - Choice, Passion, Life",Cairns,https://www.seek.com.au/job/80025271?type=standout&ref=search-standalone&origin=cardTitle#sol=7bc015e4a09a5e9f38b5872b951278ac7af06c8a
Assistant in Nursing,Townsville Hospital and Health Service,Townsville,https://www.seek.com.au/job/80166952?type=standout&ref=search-standalone&origin=cardTitle#sol=3b6015f5f4beb78a745135fb5f471698ef46a333
Personal Carer - Residential Aged Care,Wesley Mission Queensland,Bray Park,https://www.seek.com.au/job/79796917?type=standout&ref=search-standalone&origin=cardTitle#sol=d7a05aac0376344ceb173a37b2382b29ab75a015
Personal Care Assistant,St Vincent’s Care Services,Carseldine,https://www.seek.com.au/job/80023607?type=standout&ref=search-standalone&origin=cardTitle#sol=70e03e65ed124539a1cf46d3bef81b083320463a
Personal Support Worker,The Good Life Way,Mackay,https://www.seek.com.au/job/79941863?type=standout&ref=search-standalone&origin=cardTitle#sol=e7b037be4251e5fc7aff3829e66ed407f55a004d
Personal Carer,BlueCare,Cairns,https://www.seek.com.au/job/79848043?type=standout&ref=search-standalone&origin=cardTitle#sol=fd6c58c14786e2e0115c07d22cbc594a88815490
Disability Support Worker - Taigum,Support Worker Co,Taigum,https://www.seek.com.au/job/79818118?type=standout&ref=search-standalone&origin=cardTitle#sol=c181b08e8c5b6ebb87072e06ce7dd9d92e3d2f92
Personal Carer,BlueCare,Kingaroy,https://www.seek.com.au/job/79850159?type=standout&ref=search-standalone&origin=cardTitle#sol=a8bacf4116753606cf6051e233d6d21d4a09180b
In Home Support Worker,Ozcare,Townsville,https://www.seek.com.au/job/80170846?type=standout&ref=search-standalone&origin=cardTitle#sol=ddd38506efa59b70eba491396781db2b46591721
Community Support Workers,Centacare North Queensland,Townsville,https://www.seek.com.au/job/80168422?type=standout&ref=search-standalone&origin=cardTitle#sol=ba58a4a7d60f8377b89dd492590ca7ff6738be63
Carer | Bupa Rangeville (Night Shift),Bupa,Rangeville,https://www.seek.com.au/job/79906101?type=standout&ref=search-standalone&origin=cardTitle#sol=f7651e25f7dd2d095f8d57579998d94ed2ff09dd
Personal Carer (Care Companion),BlueCare,Sunrise Beach,https://www.seek.com.au/job/79751903?type=standout&ref=search-standalone&origin=cardTitle#sol=f36a761066835409e8c72fd19aec339fae131904
Disability Support Worker,Healthy Life Community Services,Toowoomba,https://www.seek.com.au/job/80153519?type=standard&ref=search-standalone&origin=cardTitle#sol=6165113ae57c7ef4e6177a3f09ef00894862e92a
Nurse - Care Ambasador,Nurse Next Door Mackay,Mackay,https://www.seek.com.au/job/80095071?type=standout&ref=search-standalone&origin=cardTitle#sol=c76d64695e8def68b42b3e5510cc11bb95e0434e
In-Home Support Worker-Toowoomba,Ozcare,Toowoomba,https://www.seek.com.au/job/80169463?type=standout&ref=search-standalone&origin=cardTitle#sol=2a70a288af48237edbc14a8fedca07bdd4504850
Support Worker,Endeavour Foundation,Cannonvale,https://www.seek.com.au/job/80115712?type=standout&ref=search-standalone&origin=cardTitle#sol=0279b419e56329248b0d7d636aceb35f654dd2db
Disability Support Worker (Exp. High Physical/Neurological),Angelic Care,Coomera,https://www.seek.com.au/job/79951537?type=standout&ref=search-standalone&origin=cardTitle#sol=aebd44bfb61ca858607a43b0d92804644da7c824
Personal Carer,BlueCare,Maroochydore,https://www.seek.com.au/job/79797004?type=standout&ref=search-standalone&origin=cardTitle#sol=0e5cec9ee5742b804f52a4fa9574fa9cf14f0b65
